claim_id,customer,source_ref,question,answer,kind,topic,value,strength,clock_start,due,confidence,approved (Y/N),reviewer,notes
C0002,Contoso Health,contoso_health_caiq.xlsx ACC-02.1,Is multi-factor authentication enforced? Describe the scope.,Yes. MFA is required for all workforce accounts.,commitment,mfa_scope,all workforce accounts,firm,,,high,,,
C0005,Contoso Health,contoso_health_caiq.xlsx ACC-05.1,How quickly is system access removed when an employee is terminated?,Access is revoked within 24 hours of the employee's last day.,commitment,access_revocation,24 hours,firm,last working day,,high,,,
C0006,Contoso Health,contoso_health_caiq.xlsx ACC-06.1,How frequently are user access reviews performed?,Access is reviewed quarterly by system owners.,commitment,access_review_frequency,quarterly,firm,,,high,,,
C0016,Contoso Health,contoso_health_caiq.xlsx BUS-16.1,What is your Recovery Time Objective (RTO)?,RTO is 8 hours for the production platform.,commitment,rto,8 hours,firm,,,high,,,
C0019,Contoso Health,contoso_health_caiq.xlsx BUS-19.1,Describe backup frequency and retention.,"Daily backups, retained for 35 days.",commitment,backup_retention,35 days,firm,,,high,,,
C0021,Contoso Health,contoso_health_caiq.xlsx COM-21.1,Do you hold a current SOC 2 Type II report?,Type I available under NDA. Type II expected Q1 2027.,roadmap,SOC 2 Type II,,,,2027-03-31,high,,,
C0022,Contoso Health,contoso_health_caiq.xlsx COM-22.1,Do you hold or plan to obtain HITRUST certification?,HITRUST r2 certification is on our roadmap.,roadmap,HITRUST,,,,,high,,,
C0027,Contoso Health,contoso_health_caiq.xlsx DAT-27.1,How long after contract termination is customer data deleted?,Data is deleted within 30 days of termination and a certificate of destruction is provided.,commitment,data_deletion,30 days,firm,termination,,high,,,
C0032,Contoso Health,contoso_health_caiq.xlsx DAT-32.1,Is customer data encrypted at rest? Specify the algorithm.,Yes - AES-256 via AWS KMS.,commitment,encryption_at_rest,AES-256,firm,,,high,,,
C0047,Contoso Health,contoso_health_caiq.xlsx HUM-47.1,How often do employees complete security awareness training?,Training is completed at hire and annually.,commitment,security_training,annually,firm,,,high,,,
C0050,Contoso Health,contoso_health_caiq.xlsx INC-50.1,What is your timeframe for notifying customers of a security incident affecting their data?,Customers are notified within 24 hours of discovery of a breach involving PHI.,commitment,breach_notification,24 hours,firm,discovery,,high,,,
C0051,Contoso Health,contoso_health_caiq.xlsx LOG-51.1,What is the retention period for security audit logs?,Logs are retained for 12 months in immutable storage.,commitment,log_retention,12 months,firm,,,high,,,
C0052,Contoso Health,contoso_health_caiq.xlsx LOG-52.1,Do you operate a SIEM with 24x7 monitoring?,We are planning to implement a SIEM by end of 2026.,roadmap,SIEM,,,,2026-12-31,high,,,
C0062,Contoso Health,contoso_health_caiq.xlsx THI-62.1,Do you notify customers before engaging new subprocessors?,"Yes, we notify customers of new subprocessors.",commitment,subprocessor_notice,,firm,,,medium,,,
C0065,Contoso Health,contoso_health_caiq.xlsx VUL-65.1,What is your remediation SLA for critical vulnerabilities?,Critical vulnerabilities are patched within 7 days of identification.,commitment,vuln_remediation_critical,7 days,firm,discovery,,high,,,
C0066,Contoso Health,contoso_health_caiq.xlsx VUL-66.1,How often are independent penetration tests performed?,Penetration testing is performed twice a year by an independent firm.,commitment,pentest_frequency,twice a year,firm,,,high,,,
C0068,Fabrikam Retail,fabrikam_retail_vendor_review.xlsx 1,How quickly is system access removed when an employee is terminated?,Access removal is completed within 48 hours.,commitment,access_revocation,48 hours,firm,,,high,,,
C0070,Fabrikam Retail,fabrikam_retail_vendor_review.xlsx 3,Is multi-factor authentication enforced? Describe the scope.,"Yes, MFA is enabled for administrator accounts.",commitment,mfa_scope,administrator accounts only,firm,,,high,,,
C0073,Fabrikam Retail,fabrikam_retail_vendor_review.xlsx 6,How frequently are user access reviews performed?,Access reviews are performed annually.,commitment,access_review_frequency,annually,firm,,,high,,,
C0083,Fabrikam Retail,fabrikam_retail_vendor_review.xlsx 16,Describe backup frequency and retention.,Daily backups with 30 day retention.,commitment,backup_retention,30 days,firm,,,high,,,
C0086,Fabrikam Retail,fabrikam_retail_vendor_review.xlsx 19,What is your Recovery Time Objective (RTO)?,We target an RTO of 24 hours.,commitment,rto,24 hours,soft,,,high,,,
C0097,Fabrikam Retail,fabrikam_retail_vendor_review.xlsx 30,Is customer data encrypted at rest? Specify the algorithm.,"Yes, data at rest is encrypted with AES-256.",commitment,encryption_at_rest,AES-256,firm,,,high,,,
C0100,Fabrikam Retail,fabrikam_retail_vendor_review.xlsx 33,How long after contract termination is customer data deleted?,Customer data is purged within 90 days of termination.,commitment,data_deletion,90 days,firm,termination,,high,,,
C0114,Fabrikam Retail,fabrikam_retail_vendor_review.xlsx 47,How often do employees complete security awareness training?,Upon hire and annually.,commitment,security_training,annually,firm,,,high,,,
C0115,Fabrikam Retail,fabrikam_retail_vendor_review.xlsx 48,What is your timeframe for notifying customers of a security incident affecting their data?,"Notification occurs without undue delay, typically within 72 hours.",commitment,breach_notification,72 hours,soft,,,high,,,
C0118,Fabrikam Retail,fabrikam_retail_vendor_review.xlsx 51,What is the retention period for security audit logs?,We retain logs for 90 days.,commitment,log_retention,90 days,firm,,,high,,,
C0131,Fabrikam Retail,fabrikam_retail_vendor_review.xlsx 64,What is your remediation SLA for critical vulnerabilities?,Critical: 30 days.,commitment,vuln_remediation_critical,30 days,firm,,,high,,,
C0133,Fabrikam Retail,fabrikam_retail_vendor_review.xlsx 66,How often are independent penetration tests performed?,Annual penetration test by a third party.,commitment,pentest_frequency,annually,firm,,,high,,,
C0136,Northwind Bank,northwind_bank_sig_lite.xlsx ACC-002,How frequently are user access reviews performed?,User access reviews are performed quarterly.,commitment,access_review_frequency,quarterly,firm,,,high,,,
C0139,Northwind Bank,northwind_bank_sig_lite.xlsx ACC-005,How quickly is system access removed when an employee is terminated?,Access is revoked within 24 hours of termination.,commitment,access_revocation,24 hours,firm,termination,,high,,,
C0140,Northwind Bank,northwind_bank_sig_lite.xlsx ACC-006,Is multi-factor authentication enforced? Describe the scope.,Yes. MFA is enforced for all administrative and production access.,commitment,mfa_scope,admin + production access,firm,,,high,,,
C0152,Northwind Bank,northwind_bank_sig_lite.xlsx BUS-018,What is your Recovery Time Objective (RTO)?,Our RTO is 4 hours.,commitment,rto,4 hours,firm,,,high,,,
C0153,Northwind Bank,northwind_bank_sig_lite.xlsx BUS-019,Describe backup frequency and retention.,Backups are performed daily and retained for 35 days.,commitment,backup_retention,35 days,firm,,,high,,,
C0159,Northwind Bank,northwind_bank_sig_lite.xlsx COM-025,Do you hold a current SOC 2 Type II report?,SOC 2 Type I issued; Type II report expected Q1 2027.,roadmap,SOC 2 Type II,,,,2027-03-31,high,,,
C0161,Northwind Bank,northwind_bank_sig_lite.xlsx DAT-027,How long after contract termination is customer data deleted?,Customer data is deleted within 30 days of contract termination.,commitment,data_deletion,30 days,firm,termination,,high,,,
C0164,Northwind Bank,northwind_bank_sig_lite.xlsx DAT-030,Do you use data loss prevention (DLP) tooling?,Formal DLP tool deployment is planned for Q2 2026.,roadmap,DLP,,,,2026-06-30,high,,,
C0166,Northwind Bank,northwind_bank_sig_lite.xlsx DAT-032,Is customer data encrypted at rest? Specify the algorithm.,All customer data is encrypted at rest using AES-256.,commitment,encryption_at_rest,AES-256,firm,,,high,,,
C0178,Northwind Bank,northwind_bank_sig_lite.xlsx HUM-044,How often do employees complete security awareness training?,All employees complete security awareness training upon hire and annually thereafter.,commitment,security_training,annually,firm,,,high,,,
C0182,Northwind Bank,northwind_bank_sig_lite.xlsx INC-048,What is your timeframe for notifying customers of a security incident affecting their data?,We will notify affected customers within 72 hours of confirming a security incident.,commitment,breach_notification,72 hours,firm,confirmation,,high,,,
C0185,Northwind Bank,northwind_bank_sig_lite.xlsx LOG-051,What is the retention period for security audit logs?,Security audit logs are retained for a minimum of one (1) year.,commitment,log_retention,1 year,firm,,,high,,,
C0195,Northwind Bank,northwind_bank_sig_lite.xlsx THI-061,Do you notify customers before engaging new subprocessors?,Yes. We provide 30 days' prior notice of new subprocessors.,commitment,subprocessor_notice,30 days,firm,,,high,,,
C0199,Northwind Bank,northwind_bank_sig_lite.xlsx VUL-065,How often are independent penetration tests performed?,Third-party penetration tests are performed annually.,commitment,pentest_frequency,annually,firm,,,high,,,
C0200,Northwind Bank,northwind_bank_sig_lite.xlsx VUL-066,What is your remediation SLA for critical vulnerabilities?,Critical vulnerabilities are remediated within 15 days.,commitment,vuln_remediation_critical,15 days,firm,,,high,,,
